date,order_id,customer_id,product_id,category,unit_price,quantity,revenue,region,sales_channel,promotion
2023-01-01,ORD770487,C58,P11,Home,52.06,4,208.24,North,Store,No
2023-01-02,ORD877572,C141,P10,Home,120.81,6,724.86,South,Online,No
2023-01-03,ORD334053,C72,P12,Home,146.99,6,881.94,North,Online,No
2023-01-04,ORD809570,C380,P7,Clothing,22.32,1,22.32,North,Online,No
2023-01-05,ORD719176,C217,P4,Electronics,439.46,4,1757.84,North,Online,No
2023-01-06,ORD131244,C48,P2,Electronics,580.29,6,3481.74,South,Online,No
2023-01-07,ORD343962,C259,P8,Clothing,54.65,6,327.9,North,Online,No
2023-01-08,ORD688508,C102,P4,Electronics,373.54,8,2988.32,West,Online,Yes
2023-01-09,ORD331148,C230,P3,Electronics,492.8,2,985.6,East,Store,No
2023-01-10,ORD948749,C446,P9,Home,110.11,7,770.77,North,Store,No
2023-01-11,ORD895667,C413,P12,Home,124.94,7,874.58,South,Online,Yes
2023-01-12,ORD832052,C217,P12,Home,146.99,8,1175.92,East,Store,No
2023-01-13,ORD391369,C80,P5,Clothing,26.24,0,0.0,South,Online,No
2023-01-14,ORD900581,C173,P9,Home,110.11,7,770.77,North,Online,No
2023-01-15,ORD197251,C195,P9,Home,110.11,4,440.44,North,Store,No
2023-01-16,ORD476417,C434,P9,Home,110.11,3,330.33,East,Online,No
2023-01-17,ORD733052,C136,P1,Electronics,349.82,4,1399.28,North,Store,No
2023-01-18,ORD865179,C236,P6,Clothing,26.24,2,52.48,North,Online,No
2023-01-19,ORD496922,C41,P5,Clothing,26.24,4,104.96,East,Online,No
2023-01-20,ORD969693,C322,P6,Clothing,22.3,6,133.8,East,Online,Yes
2023-01-21,ORD705397,C99,P8,Clothing,46.45,11,510.95,North,Online,Yes
2023-01-22,ORD148050,C339,P10,Home,120.81,6,724.86,South,Online,No
2023-01-23,ORD910620,C149,P9,Home,93.59,12,1123.08,North,Online,Yes
2023-01-24,ORD996865,C120,P8,Clothing,54.65,5,273.25,North,Online,No
2023-01-25,ORD498591,C143,P12,Home,146.99,7,1028.93,West,Online,No
2023-01-26,ORD766563,C428,P2,Electronics,580.29,4,2321.16,East,Store,No
2023-01-27,ORD270555,C190,P9,Home,93.59,8,748.72,East,Online,Yes
2023-01-28,ORD319684,C344,P12,Home,146.99,8,1175.92,East,Online,No
2023-01-29,ORD835911,C480,P4,Electronics,439.46,8,3515.68,North,Online,No
2023-01-30,ORD738720,C326,P7,Clothing,22.32,8,178.56,South,Online,No
2023-01-31,ORD660086,C374,P1,Electronics,349.82,7,2448.74,South,Online,No
2023-02-01,ORD271339,C237,P11,Home,52.06,7,364.42,West,Store,No
2023-02-02,ORD383060,C474,P6,Clothing,26.24,8,209.92,South,Online,No
2023-02-03,ORD817870,C167,P10,Home,120.81,6,724.86,North,Online,No
2023-02-04,ORD340174,C421,P1,Electronics,349.82,6,2098.92,North,Online,No
2023-02-05,ORD944151,C162,P3,Electronics,492.8,6,2956.8,West,Online,No
2023-02-06,ORD380746,C34,P9,Home,93.59,3,280.77,South,Online,Yes
2023-02-07,ORD694731,C449,P7,Clothing,22.32,3,66.96,East,Store,No
2023-02-08,ORD322955,C336,P2,Electronics,580.29,5,2901.45,West,Online,No
2023-02-09,ORD514850,C453,P8,Clothing,54.65,1,54.65,West,Online,No
2023-02-10,ORD249811,C136,P5,Clothing,22.3,8,178.4,South,Online,Yes
2023-02-11,ORD358607,C382,P10,Home,120.81,6,724.86,East,Online,No
2023-02-12,ORD883300,C300,P5,Clothing,26.24,6,157.44,West,Online,No
2023-02-13,ORD711878,C205,P2,Electronics,580.29,5,2901.45,East,Online,No
2023-02-14,ORD329974,C71,P4,Electronics,439.46,4,1757.84,West,Store,No
2023-02-15,ORD195325,C387,P2,Electronics,493.24,13,6412.12,North,Online,Yes
2023-02-16,ORD214975,C79,P1,Electronics,349.82,9,3148.38,South,Online,No
2023-02-17,ORD930555,C349,P12,Home,146.99,3,440.97,West,Online,No
2023-02-18,ORD725380,C33,P1,Electronics,349.82,6,2098.92,West,Store,No
2023-02-19,ORD500156,C306,P7,Clothing,18.97,6,113.82,West,Online,Yes
2023-02-20,ORD654816,C129,P8,Clothing,54.65,0,0.0,North,Online,No
2023-02-21,ORD813328,C370,P12,Home,146.99,3,440.97,North,Online,No
2023-02-22,ORD814825,C454,P6,Clothing,26.24,6,157.44,East,Online,No
2023-02-23,ORD905934,C329,P9,Home,110.11,7,770.77,East,Online,No
2023-02-24,ORD216970,C151,P1,Electronics,349.82,7,2448.74,West,Online,No
2023-02-25,ORD265840,C233,P8,Clothing,54.65,6,327.9,North,Online,No
2023-02-26,ORD857168,C449,P6,Clothing,26.24,5,131.2,East,Store,No
2023-02-27,ORD624902,C391,P12,Home,146.99,7,1028.93,South,Online,No
2023-02-28,ORD632342,C468,P12,Home,146.99,5,734.95,North,Online,No
2023-03-01,ORD755674,C153,P10,Home,120.81,6,724.86,South,Store,No
2023-03-02,ORD260263,C192,P10,Home,120.81,2,241.62,South,Online,No
2023-03-03,ORD665579,C489,P12,Home,146.99,7,1028.93,North,Online,No
2023-03-04,ORD728038,C166,P6,Clothing,26.24,9,236.16,West,Online,No
2023-03-05,ORD120422,C58,P11,Home,52.06,8,416.48,East,Online,No
2023-03-06,ORD972064,C414,P8,Clothing,54.65,4,218.6,East,Store,No
2023-03-07,ORD351083,C30,P8,Clothing,54.65,8,437.2,South,Online,No
2023-03-08,ORD694916,C485,P3,Electronics,492.8,5,2464.0,North,Online,No
2023-03-09,ORD189814,C375,P10,Home,102.69,4,410.76,West,Store,Yes
2023-03-10,ORD955662,C36,P4,Electronics,373.54,8,2988.32,South,Online,Yes
2023-03-11,ORD234628,C338,P12,Home,146.99,4,587.96,West,Online,No
2023-03-12,ORD676510,C85,P9,Home,110.11,10,1101.1,East,Store,No
2023-03-13,ORD653306,C447,P8,Clothing,54.65,2,109.3,West,Store,No
2023-03-14,ORD322086,C476,P1,Electronics,349.82,7,2448.74,South,Store,No
2023-03-15,ORD847581,C160,P1,Electronics,349.82,4,1399.28,West,Online,No
2023-03-16,ORD804314,C333,P6,Clothing,26.24,7,183.68,East,Store,No
2023-03-17,ORD559381,C461,P9,Home,93.59,14,1310.26,West,Online,Yes
2023-03-18,ORD226882,C127,P11,Home,52.06,5,260.3,South,Online,No
2023-03-19,ORD167136,C174,P8,Clothing,54.65,13,710.45,North,Online,No
2023-03-20,ORD716886,C284,P11,Home,52.06,5,260.3,South,Store,No
2023-03-21,ORD717024,C113,P4,Electronics,439.46,6,2636.76,North,Store,No
2023-03-22,ORD174441,C363,P5,Clothing,26.24,2,52.48,North,Online,No
2023-03-23,ORD340062,C35,P2,Electronics,580.29,2,1160.58,North,Store,No
2023-03-24,ORD446479,C37,P12,Home,124.94,9,1124.46,South,Store,Yes
2023-03-25,ORD392004,C343,P3,Electronics,492.8,9,4435.2,West,Online,No
2023-03-26,ORD324643,C277,P11,Home,52.06,6,312.36,South,Online,No
2023-03-27,ORD858490,C479,P1,Electronics,349.82,6,2098.92,West,Online,No
2023-03-28,ORD354801,C402,P2,Electronics,580.29,3,1740.87,West,Online,No
2023-03-29,ORD946721,C209,P2,Electronics,580.29,4,2321.16,South,Online,No
2023-03-30,ORD198907,C50,P5,Clothing,22.3,7,156.1,West,Online,Yes
2023-03-31,ORD471507,C217,P5,Clothing,26.24,8,209.92,West,Online,No
2023-04-01,ORD589710,C443,P7,Clothing,22.32,9,200.88,North,Store,No
2023-04-02,ORD806073,C335,P2,Electronics,493.24,9,4439.16,North,Online,Yes
2023-04-03,ORD163556,C207,P1,Electronics,349.82,7,2448.74,East,Online,No
2023-04-04,ORD939482,C442,P9,Home,110.11,7,770.77,North,Online,No
2023-04-05,ORD360735,C99,P3,Electronics,492.8,3,1478.4,South,Store,No
2023-04-06,ORD662336,C230,P4,Electronics,439.46,8,3515.68,South,Online,No
2023-04-07,ORD542374,C94,P4,Electronics,373.54,5,1867.7,East,Online,Yes
2023-04-08,ORD585100,C128,P8,Clothing,54.65,9,491.85,North,Online,No
2023-04-09,ORD564656,C414,P12,Home,146.99,10,1469.9,North,Online,No
2023-04-10,ORD153045,C334,P12,Home,146.99,7,1028.93,North,Store,No
2023-04-11,ORD197793,C475,P9,Home,110.11,2,220.22,South,Online,No
2023-04-12,ORD274389,C209,P8,Clothing,54.65,7,382.55,West,Store,No
2023-04-13,ORD604740,C110,P2,Electronics,493.24,11,5425.64,West,Online,Yes
2023-04-14,ORD161483,C85,P7,Clothing,18.97,7,132.79,West,Online,Yes
2023-04-15,ORD102260,C200,P4,Electronics,439.46,4,1757.84,East,Online,No
2023-04-16,ORD922157,C402,P8,Clothing,54.65,8,437.2,West,Online,No
2023-04-17,ORD399105,C217,P1,Electronics,349.82,1,349.82,West,Online,No
2023-04-18,ORD262316,C98,P10,Home,120.81,2,241.62,East,Store,No
2023-04-19,ORD328275,C496,P9,Home,110.11,5,550.55,North,Online,No
2023-04-20,ORD707314,C377,P11,Home,52.06,5,260.3,North,Online,No
2023-04-21,ORD884309,C161,P12,Home,146.99,5,734.95,North,Online,No
2023-04-22,ORD152578,C300,P3,Electronics,418.88,10,4188.8,West,Online,Yes
2023-04-23,ORD627276,C471,P5,Clothing,26.24,6,157.44,South,Online,No
2023-04-24,ORD159642,C492,P3,Electronics,492.8,7,3449.6,North,Online,No
2023-04-25,ORD992697,C96,P10,Home,120.81,7,845.67,North,Online,No
2023-04-26,ORD723939,C35,P8,Clothing,54.65,9,491.85,South,Store,No
2023-04-27,ORD523389,C62,P10,Home,120.81,5,604.05,South,Online,No
2023-04-28,ORD707040,C305,P3,Electronics,418.88,9,3769.92,North,Online,Yes
2023-04-29,ORD749468,C42,P11,Home,52.06,5,260.3,West,Online,No
2023-04-30,ORD789305,C299,P2,Electronics,580.29,9,5222.61,East,Online,No
2023-05-01,ORD373432,C105,P6,Clothing,26.24,3,78.72,East,Online,No
2023-05-02,ORD350280,C136,P2,Electronics,580.29,1,580.29,West,Online,No
2023-05-03,ORD237235,C344,P9,Home,110.11,3,330.33,East,Online,No
2023-05-04,ORD579434,C162,P8,Clothing,46.45,10,464.5,North,Store,Yes
2023-05-05,ORD109767,C235,P2,Electronics,493.24,8,3945.92,North,Store,Yes
2023-05-06,ORD176819,C276,P4,Electronics,439.46,6,2636.76,South,Online,No
2023-05-07,ORD630458,C136,P7,Clothing,22.32,2,44.64,South,Store,No
2023-05-08,ORD465962,C452,P7,Clothing,18.97,7,132.79,North,Online,Yes
2023-05-09,ORD356150,C190,P2,Electronics,580.29,6,3481.74,East,Store,No
2023-05-10,ORD265409,C225,P9,Home,110.11,3,330.33,East,Store,No
2023-05-11,ORD741390,C414,P3,Electronics,418.88,4,1675.52,North,Online,Yes
2023-05-12,ORD800305,C419,P6,Clothing,22.3,10,223.0,East,Online,Yes
2023-05-13,ORD795613,C54,P9,Home,110.11,5,550.55,South,Store,No
2023-05-14,ORD377312,C60,P10,Home,102.69,5,513.45,North,Store,Yes
2023-05-15,ORD878480,C284,P12,Home,146.99,1,146.99,South,Online,No
2023-05-16,ORD385577,C145,P1,Electronics,349.82,2,699.64,South,Store,No
2023-05-17,ORD852470,C176,P7,Clothing,22.32,6,133.92,South,Online,No
2023-05-18,ORD820892,C325,P2,Electronics,580.29,7,4062.03,East,Online,No
2023-05-19,ORD629959,C251,P6,Clothing,22.3,11,245.3,East,Store,Yes
2023-05-20,ORD987204,C27,P2,Electronics,493.24,10,4932.4,North,Online,Yes
2023-05-21,ORD765095,C217,P7,Clothing,22.32,6,133.92,East,Store,No
2023-05-22,ORD146228,C2,P6,Clothing,26.24,6,157.44,East,Store,No
2023-05-23,ORD908577,C67,P7,Clothing,22.32,5,111.6,East,Store,No
2023-05-24,ORD269430,C380,P6,Clothing,22.3,6,133.8,West,Store,Yes
2023-05-25,ORD678478,C362,P5,Clothing,26.24,8,209.92,West,Online,No
2023-05-26,ORD688153,C5,P3,Electronics,492.8,9,4435.2,North,Online,No
2023-05-27,ORD178898,C484,P5,Clothing,22.3,7,156.1,South,Online,Yes
2023-05-28,ORD672092,C19,P9,Home,110.11,2,220.22,East,Online,No
2023-05-29,ORD710805,C283,P5,Clothing,22.3,9,200.7,South,Store,Yes
2023-05-30,ORD550664,C66,P3,Electronics,492.8,4,1971.2,North,Online,No
2023-05-31,ORD423232,C187,P2,Electronics,580.29,6,3481.74,North,Store,No
2023-06-01,ORD475190,C108,P9,Home,110.11,4,440.44,South,Store,No
2023-06-02,ORD799330,C53,P7,Clothing,22.32,9,200.88,East,Online,No
2023-06-03,ORD918011,C287,P2,Electronics,580.29,6,3481.74,West,Online,No
2023-06-04,ORD750810,C384,P10,Home,120.81,2,241.62,South,Store,No
2023-06-05,ORD348237,C443,P2,Electronics,580.29,7,4062.03,South,Online,No
2023-06-06,ORD938742,C416,P9,Home,110.11,3,330.33,South,Store,No
2023-06-07,ORD532322,C13,P1,Electronics,349.82,2,699.64,South,Online,No
2023-06-08,ORD872343,C474,P2,Electronics,580.29,6,3481.74,East,Store,No
2023-06-09,ORD920391,C477,P12,Home,146.99,6,881.94,West,Online,No
2023-06-10,ORD941204,C343,P5,Clothing,22.3,8,178.4,South,Store,Yes
2023-06-11,ORD379766,C82,P10,Home,120.81,7,845.67,North,Online,No
2023-06-12,ORD501124,C447,P6,Clothing,26.24,6,157.44,North,Online,No
2023-06-13,ORD593554,C114,P10,Home,120.81,4,483.24,South,Store,No
2023-06-14,ORD956253,C471,P11,Home,44.25,11,486.75,West,Store,Yes
2023-06-15,ORD466643,C157,P7,Clothing,22.32,4,89.28,South,Store,No
2023-06-16,ORD333752,C13,P8,Clothing,54.65,2,109.3,South,Online,No
2023-06-17,ORD517821,C169,P11,Home,44.25,13,575.25,East,Store,Yes
2023-06-18,ORD172792,C496,P4,Electronics,439.46,10,4394.6,East,Store,No
2023-06-19,ORD468203,C329,P9,Home,110.11,4,440.44,West,Online,No
2023-06-20,ORD812526,C432,P7,Clothing,22.32,11,245.52,East,Online,No
2023-06-21,ORD128941,C60,P8,Clothing,54.65,8,437.2,East,Store,No
2023-06-22,ORD287241,C298,P3,Electronics,492.8,4,1971.2,East,Online,No
2023-06-23,ORD140115,C56,P2,Electronics,493.24,7,3452.68,West,Store,Yes
2023-06-24,ORD462479,C374,P8,Clothing,54.65,9,491.85,East,Store,No
2023-06-25,ORD557592,C311,P11,Home,52.06,10,520.6,North,Online,No
2023-06-26,ORD503906,C461,P6,Clothing,22.3,8,178.4,South,Online,Yes
2023-06-27,ORD367095,C23,P6,Clothing,22.3,3,66.9,West,Store,Yes
2023-06-28,ORD101773,C267,P8,Clothing,54.65,4,218.6,South,Store,No
2023-06-29,ORD481913,C221,P2,Electronics,580.29,5,2901.45,North,Online,No
2023-06-30,ORD796503,C472,P2,Electronics,580.29,11,6383.19,East,Online,No
2023-07-01,ORD753425,C161,P2,Electronics,580.29,6,3481.74,North,Store,No
2023-07-02,ORD854717,C461,P6,Clothing,26.24,6,157.44,East,Online,No
2023-07-03,ORD631756,C159,P1,Electronics,349.82,6,2098.92,West,Online,No
2023-07-04,ORD442027,C207,P6,Clothing,26.24,4,104.96,East,Online,No
2023-07-05,ORD681343,C66,P12,Home,124.94,8,999.52,South,Store,Yes
2023-07-06,ORD540869,C341,P7,Clothing,22.32,4,89.28,West,Online,No
2023-07-07,ORD810219,C384,P4,Electronics,373.54,9,3361.86,South,Store,Yes
2023-07-08,ORD745414,C292,P8,Clothing,54.65,2,109.3,East,Store,No
2023-07-09,ORD525800,C281,P11,Home,44.25,14,619.5,North,Store,Yes
2023-07-10,ORD418635,C147,P7,Clothing,22.32,2,44.64,South,Online,No
2023-07-11,ORD550770,C403,P7,Clothing,22.32,7,156.24,East,Store,No
2023-07-12,ORD587575,C227,P9,Home,110.11,5,550.55,West,Online,No
2023-07-13,ORD808446,C110,P12,Home,146.99,6,881.94,West,Online,No
2023-07-14,ORD932291,C462,P4,Electronics,373.54,8,2988.32,South,Store,Yes
2023-07-15,ORD790855,C44,P6,Clothing,26.24,8,209.92,East,Online,No
2023-07-16,ORD640490,C340,P11,Home,52.06,6,312.36,East,Online,No
2023-07-17,ORD197923,C420,P12,Home,146.99,6,881.94,South,Online,No
2023-07-18,ORD805477,C159,P2,Electronics,580.29,7,4062.03,South,Online,No
2023-07-19,ORD945742,C102,P4,Electronics,373.54,4,1494.16,South,Online,Yes
2023-07-20,ORD125611,C24,P3,Electronics,492.8,7,3449.6,South,Online,No
2023-07-21,ORD598216,C313,P5,Clothing,26.24,2,52.48,North,Online,No
2023-07-22,ORD577538,C213,P1,Electronics,349.82,4,1399.28,South,Store,No
2023-07-23,ORD853240,C357,P3,Electronics,492.8,4,1971.2,West,Store,No
2023-07-24,ORD618392,C205,P4,Electronics,439.46,7,3076.22,South,Online,No
2023-07-25,ORD254739,C336,P11,Home,52.06,6,312.36,North,Online,No
2023-07-26,ORD887443,C441,P9,Home,93.59,4,374.36,North,Online,Yes
2023-07-27,ORD916232,C218,P10,Home,120.81,9,1087.29,South,Store,No
2023-07-28,ORD284430,C412,P4,Electronics,439.46,2,878.92,West,Online,No
2023-07-29,ORD152657,C286,P8,Clothing,54.65,2,109.3,South,Online,No
2023-07-30,ORD989545,C63,P10,Home,120.81,9,1087.29,West,Store,No
2023-07-31,ORD239816,C411,P9,Home,110.11,6,660.66,West,Store,No
2023-08-01,ORD800005,C272,P12,Home,146.99,9,1322.91,East,Online,No
2023-08-02,ORD891937,C457,P9,Home,110.11,7,770.77,West,Online,No
2023-08-03,ORD742412,C418,P2,Electronics,580.29,5,2901.45,West,Online,No
2023-08-04,ORD970914,C465,P7,Clothing,22.32,6,133.92,West,Online,No
2023-08-05,ORD266889,C381,P11,Home,44.25,10,442.5,West,Online,Yes
2023-08-06,ORD571932,C133,P4,Electronics,439.46,12,5273.52,South,Online,No
2023-08-07,ORD980660,C327,P5,Clothing,22.3,8,178.4,East,Online,Yes
2023-08-08,ORD903013,C399,P2,Electronics,580.29,9,5222.61,West,Store,No
2023-08-09,ORD757193,C123,P8,Clothing,54.65,0,0.0,East,Store,No
2023-08-10,ORD561239,C40,P12,Home,124.94,8,999.52,East,Store,Yes
2023-08-11,ORD345884,C140,P3,Electronics,492.8,5,2464.0,East,Store,No
2023-08-12,ORD435239,C458,P3,Electronics,492.8,9,4435.2,North,Store,No
2023-08-13,ORD245095,C78,P4,Electronics,439.46,1,439.46,South,Store,No
2023-08-14,ORD501641,C356,P4,Electronics,439.46,9,3955.14,South,Online,No
2023-08-15,ORD840734,C110,P8,Clothing,46.45,8,371.6,North,Online,Yes
2023-08-16,ORD535020,C209,P1,Electronics,349.82,7,2448.74,East,Online,No
2023-08-17,ORD668969,C239,P1,Electronics,349.82,3,1049.46,West,Online,No
2023-08-18,ORD165290,C106,P7,Clothing,22.32,5,111.6,West,Online,No
2023-08-19,ORD508396,C464,P1,Electronics,349.82,3,1049.46,North,Online,No
2023-08-20,ORD998348,C451,P12,Home,146.99,10,1469.9,West,Store,No
2023-08-21,ORD600149,C4,P11,Home,44.25,7,309.75,East,Online,Yes
2023-08-22,ORD413118,C386,P4,Electronics,439.46,6,2636.76,West,Online,No
2023-08-23,ORD994905,C457,P12,Home,146.99,2,293.98,West,Store,No
2023-08-24,ORD664365,C383,P10,Home,102.69,10,1026.9,South,Online,Yes
2023-08-25,ORD611945,C113,P9,Home,93.59,15,1403.85,East,Online,Yes
2023-08-26,ORD557007,C249,P10,Home,120.81,9,1087.29,North,Online,No
2023-08-27,ORD507746,C173,P12,Home,146.99,5,734.95,West,Online,No
2023-08-28,ORD859359,C85,P3,Electronics,492.8,2,985.6,West,Store,No
2023-08-29,ORD233827,C319,P8,Clothing,54.65,2,109.3,North,Store,No
2023-08-30,ORD513160,C304,P5,Clothing,26.24,4,104.96,North,Online,No
2023-08-31,ORD188025,C330,P3,Electronics,492.8,7,3449.6,West,Store,No
2023-09-01,ORD242291,C444,P6,Clothing,26.24,4,104.96,West,Online,No
2023-09-02,ORD290556,C26,P12,Home,146.99,8,1175.92,East,Store,No
2023-09-03,ORD497519,C168,P5,Clothing,26.24,7,183.68,South,Online,No
2023-09-04,ORD576786,C168,P6,Clothing,26.24,4,104.96,East,Store,No
2023-09-05,ORD898207,C451,P5,Clothing,26.24,5,131.2,West,Online,No
2023-09-06,ORD391773,C386,P12,Home,124.94,8,999.52,West,Online,Yes
2023-09-07,ORD364525,C428,P5,Clothing,26.24,5,131.2,North,Online,No
2023-09-08,ORD593152,C10,P12,Home,146.99,8,1175.92,North,Store,No
2023-09-09,ORD466960,C115,P2,Electronics,580.29,6,3481.74,North,Store,No
2023-09-10,ORD919182,C491,P6,Clothing,22.3,13,289.9,North,Store,Yes
2023-09-11,ORD890870,C16,P11,Home,52.06,5,260.3,South,Online,No
2023-09-12,ORD309044,C430,P8,Clothing,54.65,6,327.9,North,Online,No
2023-09-13,ORD751517,C79,P9,Home,93.59,8,748.72,South,Online,Yes
2023-09-14,ORD232352,C243,P6,Clothing,22.3,6,133.8,North,Store,Yes
2023-09-15,ORD691364,C486,P5,Clothing,26.24,5,131.2,South,Online,No
2023-09-16,ORD587623,C359,P8,Clothing,54.65,3,163.95,East,Store,No
2023-09-17,ORD904150,C189,P10,Home,120.81,6,724.86,South,Online,No
2023-09-18,ORD735324,C311,P5,Clothing,26.24,2,52.48,North,Online,No
2023-09-19,ORD915573,C420,P10,Home,120.81,5,604.05,South,Online,No
2023-09-20,ORD426147,C56,P6,Clothing,26.24,2,52.48,North,Online,No
2023-09-21,ORD427110,C295,P7,Clothing,18.97,7,132.79,West,Online,Yes
2023-09-22,ORD515922,C483,P9,Home,110.11,3,330.33,South,Online,No
2023-09-23,ORD179688,C304,P2,Electronics,580.29,6,3481.74,South,Online,No
2023-09-24,ORD206851,C357,P1,Electronics,349.82,5,1749.1,East,Online,No
2023-09-25,ORD991597,C351,P4,Electronics,439.46,10,4394.6,North,Online,No
2023-09-26,ORD934904,C290,P1,Electronics,297.34,6,1784.04,North,Store,Yes
2023-09-27,ORD464069,C273,P2,Electronics,493.24,8,3945.92,West,Store,Yes
2023-09-28,ORD793655,C190,P2,Electronics,580.29,1,580.29,North,Store,No
2023-09-29,ORD630538,C332,P6,Clothing,26.24,4,104.96,East,Store,No
2023-09-30,ORD113266,C435,P10,Home,120.81,8,966.48,West,Online,No
2023-10-01,ORD962276,C251,P1,Electronics,349.82,5,1749.1,North,Online,No
2023-10-02,ORD554582,C492,P3,Electronics,492.8,4,1971.2,East,Online,No
2023-10-03,ORD766459,C457,P6,Clothing,26.24,5,131.2,West,Store,No
2023-10-04,ORD841666,C79,P12,Home,146.99,5,734.95,West,Online,No
2023-10-05,ORD284692,C376,P10,Home,120.81,2,241.62,East,Store,No
2023-10-06,ORD745830,C414,P3,Electronics,492.8,3,1478.4,West,Store,No
2023-10-07,ORD587455,C224,P10,Home,120.81,7,845.67,East,Online,No
2023-10-08,ORD437960,C437,P6,Clothing,22.3,10,223.0,South,Online,Yes
2023-10-09,ORD971084,C479,P5,Clothing,26.24,3,78.72,North,Online,No
2023-10-10,ORD392477,C452,P9,Home,93.59,11,1029.49,West,Store,Yes
2023-10-11,ORD355709,C385,P10,Home,120.81,6,724.86,West,Store,No
2023-10-12,ORD697530,C313,P8,Clothing,54.65,9,491.85,West,Store,No
2023-10-13,ORD452737,C15,P12,Home,146.99,7,1028.93,West,Store,No
2023-10-14,ORD992288,C167,P8,Clothing,54.65,6,327.9,South,Store,No
2023-10-15,ORD611233,C109,P11,Home,52.06,9,468.54,East,Online,No
2023-10-16,ORD936587,C133,P6,Clothing,26.24,6,157.44,East,Store,No
2023-10-17,ORD393243,C451,P12,Home,146.99,7,1028.93,East,Store,No
2023-10-18,ORD682789,C6,P1,Electronics,349.82,8,2798.56,South,Online,No
2023-10-19,ORD189771,C124,P2,Electronics,493.24,8,3945.92,West,Store,Yes
2023-10-20,ORD612311,C285,P12,Home,146.99,2,293.98,South,Store,No
2023-10-21,ORD824156,C244,P2,Electronics,580.29,4,2321.16,West,Store,No
2023-10-22,ORD569945,C406,P1,Electronics,349.82,6,2098.92,North,Online,No
2023-10-23,ORD197573,C151,P8,Clothing,46.45,8,371.6,South,Store,Yes
2023-10-24,ORD524045,C355,P8,Clothing,54.65,9,491.85,South,Store,No
2023-10-25,ORD421080,C340,P5,Clothing,26.24,4,104.96,East,Store,No
2023-10-26,ORD596249,C284,P4,Electronics,439.46,5,2197.3,East,Online,No
2023-10-27,ORD546173,C382,P3,Electronics,492.8,4,1971.2,East,Online,No
2023-10-28,ORD468900,C360,P2,Electronics,580.29,8,4642.32,West,Store,No
2023-10-29,ORD384076,C157,P4,Electronics,439.46,6,2636.76,East,Online,No
2023-10-30,ORD341736,C62,P5,Clothing,22.3,12,267.6,South,Online,Yes
2023-10-31,ORD430876,C62,P12,Home,124.94,12,1499.28,South,Store,Yes
2023-11-01,ORD300845,C111,P2,Electronics,493.24,9,4439.16,West,Online,Yes
2023-11-02,ORD389930,C371,P9,Home,110.11,9,990.99,East,Online,No
2023-11-03,ORD205409,C427,P5,Clothing,22.3,15,334.5,South,Online,Yes
2023-11-04,ORD410636,C117,P9,Home,93.59,12,1123.08,East,Online,Yes
2023-11-05,ORD288158,C155,P3,Electronics,492.8,10,4928.0,North,Store,No
2023-11-06,ORD842411,C274,P7,Clothing,18.97,8,151.76,South,Online,Yes
2023-11-07,ORD387636,C24,P5,Clothing,26.24,3,78.72,North,Online,No
2023-11-08,ORD680238,C150,P4,Electronics,439.46,6,2636.76,South,Store,No
2023-11-09,ORD768854,C445,P3,Electronics,492.8,4,1971.2,West,Online,No
2023-11-10,ORD207570,C447,P6,Clothing,26.24,3,78.72,North,Store,No
2023-11-11,ORD701949,C146,P1,Electronics,349.82,9,3148.38,West,Online,No
2023-11-12,ORD601968,C226,P10,Home,120.81,11,1328.91,East,Online,No
2023-11-13,ORD293319,C495,P7,Clothing,18.97,10,189.7,North,Store,Yes
2023-11-14,ORD364742,C482,P12,Home,124.94,8,999.52,West,Online,Yes
2023-11-15,ORD219629,C421,P5,Clothing,22.3,12,267.6,North,Store,Yes
2023-11-16,ORD520172,C252,P8,Clothing,54.65,5,273.25,North,Online,No
2023-11-17,ORD705050,C323,P4,Electronics,439.46,5,2197.3,North,Store,No
2023-11-18,ORD259097,C77,P5,Clothing,26.24,10,262.4,East,Store,No
2023-11-19,ORD189318,C128,P2,Electronics,580.29,7,4062.03,North,Online,No
2023-11-20,ORD685181,C392,P8,Clothing,54.65,6,327.9,West,Online,No
2023-11-21,ORD735770,C306,P3,Electronics,418.88,13,5445.44,South,Store,Yes
2023-11-22,ORD913373,C268,P7,Clothing,22.32,6,133.92,West,Online,No
2023-11-23,ORD572398,C466,P7,Clothing,22.32,4,89.28,West,Store,No
2023-11-24,ORD411797,C441,P2,Electronics,580.29,10,5802.9,West,Store,No
2023-11-25,ORD420214,C292,P12,Home,124.94,17,2123.98,North,Online,Yes
2023-11-26,ORD739244,C492,P7,Clothing,18.97,18,341.46,North,Online,Yes
2023-11-27,ORD899787,C107,P2,Electronics,493.24,10,4932.4,South,Online,Yes
2023-11-28,ORD377501,C339,P8,Clothing,54.65,8,437.2,North,Online,No
2023-11-29,ORD264686,C123,P5,Clothing,26.24,3,78.72,South,Online,No
2023-11-30,ORD678805,C39,P1,Electronics,349.82,8,2798.56,South,Online,No
2023-12-01,ORD102805,C210,P1,Electronics,349.82,5,1749.1,West,Online,No
2023-12-02,ORD822858,C305,P7,Clothing,22.32,11,245.52,West,Store,No
2023-12-03,ORD405407,C17,P6,Clothing,22.3,17,379.1,South,Online,Yes
2023-12-04,ORD402099,C362,P2,Electronics,580.29,9,5222.61,East,Store,No
2023-12-05,ORD837135,C441,P4,Electronics,439.46,9,3955.14,West,Store,No
2023-12-06,ORD174637,C352,P12,Home,124.94,15,1874.1,South,Online,Yes
2023-12-07,ORD377405,C404,P8,Clothing,54.65,8,437.2,South,Online,No
2023-12-08,ORD545790,C59,P1,Electronics,297.34,13,3865.42,South,Store,Yes
2023-12-09,ORD779094,C77,P6,Clothing,22.3,9,200.7,East,Online,Yes
2023-12-10,ORD966785,C73,P9,Home,110.11,6,660.66,North,Online,No
2023-12-11,ORD162535,C85,P7,Clothing,22.32,9,200.88,East,Online,No
2023-12-12,ORD723948,C384,P1,Electronics,349.82,7,2448.74,East,Online,No
2023-12-13,ORD560485,C64,P3,Electronics,418.88,7,2932.16,West,Online,Yes
2023-12-14,ORD822131,C156,P2,Electronics,580.29,13,7543.77,West,Online,No
2023-12-15,ORD385470,C257,P7,Clothing,22.32,9,200.88,West,Online,No
2023-12-16,ORD559023,C42,P12,Home,124.94,15,1874.1,North,Store,Yes
2023-12-17,ORD553014,C377,P5,Clothing,26.24,6,157.44,East,Store,No
2023-12-18,ORD733039,C129,P6,Clothing,22.3,11,245.3,North,Online,Yes
2023-12-19,ORD195763,C118,P5,Clothing,22.3,6,133.8,North,Online,Yes
2023-12-20,ORD901909,C345,P3,Electronics,492.8,7,3449.6,East,Store,No
2023-12-21,ORD704238,C21,P9,Home,110.11,8,880.88,South,Online,No
2023-12-22,ORD593355,C266,P3,Electronics,418.88,12,5026.56,West,Online,Yes
2023-12-23,ORD391668,C93,P6,Clothing,26.24,6,157.44,West,Store,No
2023-12-24,ORD765620,C417,P3,Electronics,492.8,7,3449.6,West,Online,No
2023-12-25,ORD195674,C241,P2,Electronics,493.24,6,2959.44,East,Store,Yes
2023-12-26,ORD528184,C171,P9,Home,93.59,11,1029.49,East,Online,Yes
2023-12-27,ORD802685,C54,P11,Home,52.06,4,208.24,South,Store,No
2023-12-28,ORD445824,C211,P9,Home,110.11,3,330.33,West,Online,No
2023-12-29,ORD402218,C340,P11,Home,44.25,14,619.5,West,Online,Yes
2023-12-30,ORD953085,C390,P7,Clothing,22.32,13,290.16,North,Online,No
2023-12-31,ORD576919,C46,P1,Electronics,349.82,6,2098.92,East,Online,No
2024-01-01,ORD364659,C166,P1,Electronics,349.82,9,3148.38,North,Online,No
2024-01-02,ORD910075,C207,P1,Electronics,297.34,4,1189.36,North,Store,Yes
2024-01-03,ORD789606,C446,P4,Electronics,439.46,3,1318.38,West,Online,No
2024-01-04,ORD533321,C28,P10,Home,102.69,6,616.14,South,Online,Yes
2024-01-05,ORD643623,C186,P4,Electronics,439.46,6,2636.76,West,Online,No
2024-01-06,ORD755788,C227,P3,Electronics,492.8,5,2464.0,North,Store,No
2024-01-07,ORD313446,C137,P6,Clothing,26.24,8,209.92,South,Online,No
2024-01-08,ORD402020,C225,P3,Electronics,418.88,8,3351.04,West,Store,Yes
2024-01-09,ORD227324,C15,P4,Electronics,439.46,3,1318.38,South,Online,No
2024-01-10,ORD844261,C82,P12,Home,146.99,6,881.94,East,Online,No
2024-01-11,ORD677596,C8,P9,Home,110.11,4,440.44,West,Online,No
2024-01-12,ORD197736,C116,P8,Clothing,54.65,9,491.85,North,Online,No
2024-01-13,ORD583863,C485,P10,Home,102.69,7,718.83,North,Online,Yes
2024-01-14,ORD779172,C427,P2,Electronics,580.29,3,1740.87,South,Online,No
2024-01-15,ORD622584,C478,P12,Home,146.99,3,440.97,East,Online,No
2024-01-16,ORD633590,C362,P2,Electronics,580.29,4,2321.16,East,Store,No
2024-01-17,ORD535673,C428,P11,Home,44.25,7,309.75,West,Online,Yes
2024-01-18,ORD595158,C125,P5,Clothing,22.3,9,200.7,West,Store,Yes
2024-01-19,ORD678043,C75,P1,Electronics,349.82,7,2448.74,West,Online,No
2024-01-20,ORD299869,C472,P12,Home,124.94,15,1874.1,South,Store,Yes
2024-01-21,ORD173201,C142,P11,Home,52.06,3,156.18,West,Store,No
2024-01-22,ORD456385,C479,P7,Clothing,22.32,6,133.92,East,Online,No
2024-01-23,ORD960408,C2,P9,Home,110.11,4,440.44,East,Online,No
2024-01-24,ORD861319,C153,P5,Clothing,26.24,5,131.2,West,Store,No
2024-01-25,ORD255813,C229,P9,Home,110.11,6,660.66,West,Online,No
2024-01-26,ORD461888,C171,P2,Electronics,493.24,5,2466.2,West,Store,Yes
2024-01-27,ORD577463,C478,P9,Home,93.59,9,842.31,East,Online,Yes
2024-01-28,ORD297816,C358,P6,Clothing,22.3,10,223.0,South,Store,Yes
2024-01-29,ORD699573,C197,P4,Electronics,373.54,13,4856.02,South,Online,Yes
2024-01-30,ORD997594,C398,P10,Home,120.81,4,483.24,West,Online,No
2024-01-31,ORD145767,C163,P6,Clothing,26.24,4,104.96,West,Online,No
2024-02-01,ORD839485,C468,P11,Home,44.25,10,442.5,West,Store,Yes
2024-02-02,ORD504832,C340,P11,Home,52.06,3,156.18,South,Store,No
2024-02-03,ORD619389,C494,P11,Home,52.06,10,520.6,North,Online,No
2024-02-04,ORD232378,C258,P8,Clothing,46.45,8,371.6,East,Online,Yes
2024-02-05,ORD205239,C448,P2,Electronics,580.29,6,3481.74,West,Store,No
2024-02-06,ORD204555,C270,P6,Clothing,26.24,6,157.44,West,Online,No
2024-02-07,ORD116093,C370,P2,Electronics,580.29,8,4642.32,South,Store,No
2024-02-08,ORD529893,C446,P9,Home,110.11,1,110.11,South,Online,No
2024-02-09,ORD178463,C241,P7,Clothing,18.97,9,170.73,East,Online,Yes
2024-02-10,ORD455007,C320,P7,Clothing,22.32,4,89.28,West,Online,No
2024-02-11,ORD781403,C42,P2,Electronics,580.29,4,2321.16,East,Store,No
2024-02-12,ORD993744,C346,P7,Clothing,22.32,7,156.24,West,Online,No
2024-02-13,ORD432043,C321,P11,Home,52.06,5,260.3,West,Store,No
2024-02-14,ORD667296,C19,P1,Electronics,349.82,4,1399.28,North,Online,No
2024-02-15,ORD346174,C324,P4,Electronics,439.46,4,1757.84,East,Store,No
2024-02-16,ORD338536,C383,P11,Home,52.06,6,312.36,North,Online,No
2024-02-17,ORD555052,C51,P11,Home,52.06,7,364.42,North,Online,No
2024-02-18,ORD565230,C86,P11,Home,52.06,8,416.48,East,Online,No
2024-02-19,ORD130353,C24,P6,Clothing,22.3,8,178.4,East,Online,Yes
2024-02-20,ORD934816,C29,P6,Clothing,26.24,8,209.92,East,Online,No
2024-02-21,ORD475876,C192,P8,Clothing,46.45,8,371.6,West,Store,Yes
2024-02-22,ORD252640,C126,P11,Home,52.06,10,520.6,West,Online,No
2024-02-23,ORD693418,C350,P6,Clothing,26.24,8,209.92,South,Online,No
2024-02-24,ORD278240,C90,P6,Clothing,26.24,8,209.92,North,Store,No
2024-02-25,ORD739098,C446,P11,Home,44.25,13,575.25,West,Online,Yes
2024-02-26,ORD749813,C350,P8,Clothing,54.65,5,273.25,South,Online,No
2024-02-27,ORD621841,C468,P6,Clothing,26.24,3,78.72,South,Online,No
2024-02-28,ORD343467,C237,P8,Clothing,54.65,6,327.9,East,Online,No
2024-02-29,ORD581894,C131,P1,Electronics,297.34,8,2378.72,North,Online,Yes
2024-03-01,ORD943718,C239,P2,Electronics,580.29,5,2901.45,East,Online,No
2024-03-02,ORD810526,C280,P4,Electronics,439.46,1,439.46,South,Online,No
2024-03-03,ORD177449,C227,P6,Clothing,26.24,11,288.64,East,Online,No
2024-03-04,ORD716113,C154,P7,Clothing,22.32,5,111.6,West,Online,No
2024-03-05,ORD823846,C129,P2,Electronics,493.24,7,3452.68,West,Online,Yes
2024-03-06,ORD986365,C155,P8,Clothing,46.45,4,185.8,South,Online,Yes
2024-03-07,ORD503380,C437,P7,Clothing,22.32,4,89.28,West,Online,No
2024-03-08,ORD211834,C122,P7,Clothing,22.32,5,111.6,West,Store,No
2024-03-09,ORD699704,C184,P2,Electronics,580.29,7,4062.03,East,Online,No
2024-03-10,ORD833247,C152,P4,Electronics,439.46,4,1757.84,North,Online,No
2024-03-11,ORD970357,C338,P9,Home,93.59,7,655.13,West,Online,Yes
2024-03-12,ORD387813,C5,P11,Home,52.06,7,364.42,North,Online,No
2024-03-13,ORD735863,C382,P6,Clothing,26.24,6,157.44,West,Online,No
2024-03-14,ORD973294,C463,P5,Clothing,26.24,5,131.2,East,Store,No
2024-03-15,ORD913423,C410,P2,Electronics,580.29,7,4062.03,South,Store,No
2024-03-16,ORD736553,C411,P10,Home,120.81,7,845.67,East,Online,No
2024-03-17,ORD329642,C326,P8,Clothing,54.65,6,327.9,South,Store,No
2024-03-18,ORD751051,C129,P9,Home,110.11,4,440.44,South,Online,No
2024-03-19,ORD758765,C50,P2,Electronics,493.24,6,2959.44,North,Store,Yes
2024-03-20,ORD423939,C404,P11,Home,52.06,3,156.18,West,Store,No
2024-03-21,ORD134985,C297,P11,Home,44.25,8,354.0,East,Store,Yes
2024-03-22,ORD867934,C68,P12,Home,146.99,3,440.97,North,Online,No
2024-03-23,ORD409445,C168,P11,Home,52.06,3,156.18,West,Store,No
2024-03-24,ORD284171,C103,P3,Electronics,418.88,12,5026.56,South,Store,Yes
2024-03-25,ORD924718,C277,P7,Clothing,18.97,9,170.73,East,Store,Yes
2024-03-26,ORD656639,C257,P12,Home,124.94,8,999.52,East,Online,Yes
2024-03-27,ORD970813,C85,P4,Electronics,439.46,8,3515.68,East,Online,No
2024-03-28,ORD964749,C484,P11,Home,44.25,7,309.75,West,Online,Yes
2024-03-29,ORD945664,C152,P1,Electronics,349.82,2,699.64,East,Online,No
2024-03-30,ORD943298,C59,P11,Home,52.06,6,312.36,West,Online,No
2024-03-31,ORD178957,C73,P9,Home,110.11,4,440.44,South,Store,No
2024-04-01,ORD809176,C371,P8,Clothing,54.65,6,327.9,West,Store,No
2024-04-02,ORD986827,C412,P12,Home,146.99,4,587.96,East,Online,No
2024-04-03,ORD194689,C405,P10,Home,120.81,7,845.67,West,Store,No
2024-04-04,ORD114594,C136,P4,Electronics,373.54,8,2988.32,North,Store,Yes
2024-04-05,ORD576877,C189,P11,Home,52.06,8,416.48,East,Online,No
2024-04-06,ORD712955,C196,P12,Home,146.99,13,1910.87,East,Online,No
2024-04-07,ORD213609,C346,P11,Home,52.06,8,416.48,South,Online,No
2024-04-08,ORD594379,C13,P2,Electronics,493.24,6,2959.44,East,Online,Yes
2024-04-09,ORD739717,C114,P7,Clothing,22.32,1,22.32,North,Online,No
2024-04-10,ORD766269,C422,P2,Electronics,580.29,5,2901.45,West,Store,No
2024-04-11,ORD835132,C155,P8,Clothing,54.65,5,273.25,West,Store,No
2024-04-12,ORD222343,C72,P11,Home,44.25,9,398.25,North,Online,Yes
2024-04-13,ORD139019,C156,P5,Clothing,22.3,4,89.2,West,Online,Yes
2024-04-14,ORD221761,C50,P3,Electronics,492.8,2,985.6,South,Store,No
2024-04-15,ORD663658,C70,P9,Home,110.11,4,440.44,West,Store,No
2024-04-16,ORD575679,C190,P11,Home,52.06,6,312.36,West,Online,No
2024-04-17,ORD715870,C381,P10,Home,120.81,6,724.86,South,Online,No
2024-04-18,ORD535037,C336,P5,Clothing,26.24,2,52.48,North,Online,No
2024-04-19,ORD974190,C251,P4,Electronics,373.54,8,2988.32,West,Online,Yes
2024-04-20,ORD393328,C17,P1,Electronics,349.82,5,1749.1,East,Store,No
2024-04-21,ORD327823,C228,P5,Clothing,26.24,5,131.2,West,Online,No
2024-04-22,ORD347582,C438,P10,Home,120.81,8,966.48,East,Store,No
2024-04-23,ORD204180,C352,P5,Clothing,22.3,6,133.8,East,Store,Yes
2024-04-24,ORD670913,C462,P4,Electronics,373.54,4,1494.16,East,Online,Yes
2024-04-25,ORD163491,C204,P6,Clothing,26.24,8,209.92,East,Online,No
2024-04-26,ORD299028,C496,P11,Home,44.25,9,398.25,North,Store,Yes
2024-04-27,ORD989227,C422,P11,Home,44.25,8,354.0,West,Online,Yes
2024-04-28,ORD196126,C340,P5,Clothing,26.24,6,157.44,South,Online,No
2024-04-29,ORD772875,C328,P2,Electronics,580.29,4,2321.16,North,Store,No
2024-04-30,ORD153035,C403,P10,Home,102.69,6,616.14,East,Online,Yes
2024-05-01,ORD355400,C65,P2,Electronics,580.29,5,2901.45,South,Online,No
2024-05-02,ORD171942,C425,P6,Clothing,26.24,3,78.72,South,Online,No
2024-05-03,ORD714867,C111,P3,Electronics,492.8,4,1971.2,South,Store,No
2024-05-04,ORD444519,C397,P5,Clothing,26.24,4,104.96,South,Store,No
2024-05-05,ORD926952,C462,P4,Electronics,373.54,8,2988.32,North,Online,Yes
2024-05-06,ORD390743,C440,P12,Home,146.99,7,1028.93,South,Store,No
2024-05-07,ORD236306,C277,P6,Clothing,22.3,9,200.7,East,Online,Yes
2024-05-08,ORD937302,C90,P7,Clothing,22.32,4,89.28,North,Store,No
2024-05-09,ORD793169,C444,P9,Home,110.11,5,550.55,North,Online,No
2024-05-10,ORD238205,C8,P7,Clothing,22.32,4,89.28,East,Online,No
2024-05-11,ORD928358,C404,P5,Clothing,22.3,15,334.5,South,Online,Yes
2024-05-12,ORD717457,C166,P7,Clothing,22.32,6,133.92,North,Online,No
2024-05-13,ORD282710,C136,P11,Home,52.06,4,208.24,North,Online,No
2024-05-14,ORD232915,C380,P8,Clothing,54.65,6,327.9,West,Online,No
2024-05-15,ORD651640,C59,P4,Electronics,439.46,5,2197.3,North,Store,No
2024-05-16,ORD599380,C230,P6,Clothing,26.24,4,104.96,East,Store,No
2024-05-17,ORD638169,C304,P10,Home,120.81,3,362.43,North,Store,No
2024-05-18,ORD573962,C258,P10,Home,120.81,2,241.62,South,Online,No
2024-05-19,ORD744986,C23,P12,Home,146.99,5,734.95,East,Online,No
2024-05-20,ORD580292,C330,P3,Electronics,492.8,5,2464.0,North,Online,No
2024-05-21,ORD163780,C246,P4,Electronics,439.46,4,1757.84,West,Online,No
2024-05-22,ORD546980,C352,P7,Clothing,22.32,3,66.96,North,Online,No
2024-05-23,ORD614084,C365,P6,Clothing,26.24,4,104.96,West,Online,No
2024-05-24,ORD177060,C461,P6,Clothing,22.3,4,89.2,North,Store,Yes
2024-05-25,ORD437758,C312,P5,Clothing,26.24,1,26.24,South,Online,No
2024-05-26,ORD168872,C65,P3,Electronics,492.8,3,1478.4,East,Online,No
2024-05-27,ORD754644,C325,P10,Home,120.81,6,724.86,East,Online,No
2024-05-28,ORD499407,C306,P12,Home,146.99,5,734.95,East,Online,No
2024-05-29,ORD575755,C259,P7,Clothing,22.32,6,133.92,West,Online,No
2024-05-30,ORD203996,C407,P8,Clothing,54.65,4,218.6,North,Store,No
2024-05-31,ORD994217,C336,P5,Clothing,26.24,5,131.2,South,Online,No
2024-06-01,ORD550961,C232,P5,Clothing,26.24,7,183.68,South,Online,No
2024-06-02,ORD533914,C174,P3,Electronics,492.8,1,492.8,West,Online,No
2024-06-03,ORD518098,C213,P1,Electronics,349.82,7,2448.74,North,Online,No
2024-06-04,ORD427730,C219,P2,Electronics,580.29,2,1160.58,East,Online,No
2024-06-05,ORD797416,C131,P7,Clothing,22.32,7,156.24,East,Store,No
2024-06-06,ORD260053,C352,P9,Home,110.11,5,550.55,West,Online,No
2024-06-07,ORD170394,C47,P3,Electronics,492.8,5,2464.0,North,Online,No
2024-06-08,ORD197758,C222,P9,Home,110.11,6,660.66,North,Store,No
2024-06-09,ORD880758,C379,P7,Clothing,22.32,6,133.92,East,Online,No
2024-06-10,ORD951201,C67,P3,Electronics,492.8,6,2956.8,North,Store,No
2024-06-11,ORD714953,C490,P2,Electronics,580.29,8,4642.32,East,Online,No
2024-06-12,ORD802559,C63,P8,Clothing,46.45,11,510.95,West,Online,Yes
2024-06-13,ORD470774,C448,P10,Home,120.81,6,724.86,West,Online,No
2024-06-14,ORD856086,C27,P8,Clothing,54.65,8,437.2,East,Store,No
2024-06-15,ORD729575,C160,P4,Electronics,439.46,10,4394.6,East,Online,No
2024-06-16,ORD208633,C296,P11,Home,52.06,6,312.36,South,Online,No
2024-06-17,ORD262246,C337,P1,Electronics,349.82,2,699.64,West,Online,No
2024-06-18,ORD335137,C434,P11,Home,52.06,3,156.18,North,Online,No
2024-06-19,ORD467121,C433,P9,Home,110.11,8,880.88,East,Online,No
2024-06-20,ORD220465,C391,P12,Home,146.99,8,1175.92,East,Store,No
2024-06-21,ORD701987,C116,P6,Clothing,26.24,5,131.2,West,Online,No
2024-06-22,ORD986209,C288,P9,Home,93.59,7,655.13,North,Online,Yes
2024-06-23,ORD738577,C476,P8,Clothing,46.45,6,278.7,East,Online,Yes
2024-06-24,ORD130359,C93,P8,Clothing,54.65,6,327.9,East,Store,No
2024-06-25,ORD836833,C391,P3,Electronics,492.8,5,2464.0,East,Online,No
2024-06-26,ORD456331,C180,P6,Clothing,22.3,8,178.4,North,Online,Yes
2024-06-27,ORD290217,C446,P10,Home,120.81,4,483.24,South,Online,No
2024-06-28,ORD693830,C337,P1,Electronics,349.82,4,1399.28,West,Store,No
2024-06-29,ORD172965,C73,P12,Home,146.99,4,587.96,North,Online,No
2024-06-30,ORD196214,C383,P8,Clothing,54.65,8,437.2,South,Online,No
2024-07-01,ORD494468,C215,P7,Clothing,22.32,7,156.24,West,Store,No
2024-07-02,ORD457455,C81,P3,Electronics,418.88,9,3769.92,East,Online,Yes
2024-07-03,ORD426775,C370,P3,Electronics,492.8,9,4435.2,East,Online,No
2024-07-04,ORD914571,C483,P1,Electronics,349.82,5,1749.1,North,Online,No
2024-07-05,ORD155164,C80,P4,Electronics,439.46,3,1318.38,South,Online,No
2024-07-06,ORD891083,C317,P10,Home,120.81,7,845.67,North,Store,No
2024-07-07,ORD806707,C42,P11,Home,52.06,6,312.36,East,Online,No
2024-07-08,ORD564637,C339,P4,Electronics,439.46,2,878.92,West,Store,No
2024-07-09,ORD609253,C311,P1,Electronics,349.82,6,2098.92,West,Online,No
2024-07-10,ORD534303,C140,P11,Home,52.06,5,260.3,South,Online,No
2024-07-11,ORD891615,C263,P10,Home,120.81,7,845.67,North,Online,No
2024-07-12,ORD461939,C221,P10,Home,120.81,9,1087.29,North,Online,No
2024-07-13,ORD397005,C348,P8,Clothing,54.65,5,273.25,West,Online,No
2024-07-14,ORD652530,C342,P9,Home,110.11,4,440.44,East,Store,No
2024-07-15,ORD147623,C113,P9,Home,110.11,8,880.88,West,Online,No
2024-07-16,ORD728437,C29,P1,Electronics,349.82,5,1749.1,North,Online,No
2024-07-17,ORD314353,C155,P7,Clothing,22.32,4,89.28,South,Online,No
2024-07-18,ORD904624,C71,P9,Home,93.59,4,374.36,East,Online,Yes
2024-07-19,ORD403507,C168,P9,Home,110.11,6,660.66,North,Store,No
2024-07-20,ORD108105,C255,P5,Clothing,26.24,7,183.68,West,Online,No
2024-07-21,ORD284229,C67,P10,Home,120.81,7,845.67,West,Online,No
2024-07-22,ORD658453,C361,P2,Electronics,580.29,2,1160.58,South,Online,No
2024-07-23,ORD624563,C287,P10,Home,120.81,3,362.43,East,Online,No
2024-07-24,ORD175576,C204,P2,Electronics,493.24,8,3945.92,North,Online,Yes
2024-07-25,ORD557409,C10,P3,Electronics,492.8,9,4435.2,West,Online,No
2024-07-26,ORD181644,C442,P9,Home,93.59,7,655.13,East,Online,Yes
2024-07-27,ORD703727,C220,P6,Clothing,26.24,6,157.44,West,Store,No
2024-07-28,ORD843963,C328,P12,Home,146.99,10,1469.9,West,Online,No
2024-07-29,ORD403578,C59,P12,Home,146.99,4,587.96,West,Online,No
2024-07-30,ORD121869,C495,P1,Electronics,349.82,3,1049.46,East,Online,No
2024-07-31,ORD280222,C411,P6,Clothing,26.24,5,131.2,West,Online,No
2024-08-01,ORD972442,C354,P12,Home,124.94,2,249.88,East,Online,Yes
2024-08-02,ORD192410,C224,P2,Electronics,493.24,8,3945.92,North,Online,Yes
2024-08-03,ORD355135,C224,P6,Clothing,26.24,6,157.44,West,Online,No
2024-08-04,ORD649414,C41,P8,Clothing,54.65,6,327.9,West,Store,No
2024-08-05,ORD425346,C382,P7,Clothing,22.32,10,223.2,East,Online,No
2024-08-06,ORD332335,C171,P11,Home,44.25,4,177.0,South,Store,Yes
2024-08-07,ORD180089,C262,P8,Clothing,54.65,5,273.25,North,Online,No
2024-08-08,ORD656379,C262,P6,Clothing,26.24,5,131.2,South,Online,No
2024-08-09,ORD913934,C179,P6,Clothing,22.3,4,89.2,East,Online,Yes
2024-08-10,ORD862712,C491,P8,Clothing,54.65,6,327.9,South,Store,No
2024-08-11,ORD347745,C53,P6,Clothing,26.24,7,183.68,South,Store,No
2024-08-12,ORD368402,C102,P2,Electronics,580.29,6,3481.74,South,Store,No
2024-08-13,ORD731661,C79,P8,Clothing,54.65,2,109.3,North,Store,No
2024-08-14,ORD285751,C488,P10,Home,120.81,7,845.67,West,Online,No
2024-08-15,ORD586490,C387,P4,Electronics,373.54,6,2241.24,West,Online,Yes
2024-08-16,ORD814220,C474,P9,Home,110.11,5,550.55,East,Online,No
2024-08-17,ORD757685,C162,P9,Home,110.11,4,440.44,South,Online,No
2024-08-18,ORD561124,C35,P12,Home,146.99,6,881.94,West,Online,No
2024-08-19,ORD563688,C324,P12,Home,146.99,7,1028.93,East,Store,No
2024-08-20,ORD935012,C141,P6,Clothing,26.24,4,104.96,North,Online,No
2024-08-21,ORD469038,C260,P11,Home,52.06,6,312.36,North,Online,No
2024-08-22,ORD425486,C237,P8,Clothing,54.65,8,437.2,West,Store,No
2024-08-23,ORD139434,C30,P1,Electronics,297.34,4,1189.36,East,Store,Yes
2024-08-24,ORD972097,C147,P1,Electronics,349.82,7,2448.74,North,Store,No
2024-08-25,ORD775981,C443,P3,Electronics,492.8,1,492.8,North,Online,No
2024-08-26,ORD744883,C305,P11,Home,44.25,8,354.0,West,Online,Yes
2024-08-27,ORD585188,C298,P1,Electronics,297.34,12,3568.08,North,Online,Yes
2024-08-28,ORD571579,C466,P2,Electronics,580.29,7,4062.03,South,Online,No
2024-08-29,ORD437145,C310,P8,Clothing,54.65,4,218.6,West,Store,No
2024-08-30,ORD625721,C78,P3,Electronics,418.88,7,2932.16,North,Online,Yes
2024-08-31,ORD572407,C53,P7,Clothing,22.32,4,89.28,East,Store,No
2024-09-01,ORD849014,C44,P8,Clothing,54.65,8,437.2,South,Online,No
2024-09-02,ORD141043,C127,P10,Home,120.81,5,604.05,West,Online,No
2024-09-03,ORD560767,C269,P6,Clothing,26.24,4,104.96,South,Online,No
2024-09-04,ORD481574,C191,P1,Electronics,349.82,11,3848.02,East,Store,No
2024-09-05,ORD506235,C210,P1,Electronics,349.82,3,1049.46,East,Online,No
2024-09-06,ORD811875,C307,P12,Home,124.94,9,1124.46,North,Store,Yes
2024-09-07,ORD927564,C324,P3,Electronics,492.8,8,3942.4,East,Online,No
2024-09-08,ORD169113,C169,P1,Electronics,349.82,2,699.64,North,Store,No
2024-09-09,ORD685066,C348,P10,Home,120.81,5,604.05,West,Online,No
2024-09-10,ORD397949,C130,P6,Clothing,26.24,4,104.96,South,Store,No
2024-09-11,ORD449555,C42,P6,Clothing,26.24,7,183.68,South,Online,No
2024-09-12,ORD466813,C159,P5,Clothing,26.24,3,78.72,West,Store,No
2024-09-13,ORD235215,C305,P12,Home,146.99,4,587.96,North,Store,No
2024-09-14,ORD424620,C287,P12,Home,146.99,2,293.98,West,Store,No
2024-09-15,ORD774751,C406,P5,Clothing,22.3,7,156.1,East,Store,Yes
2024-09-16,ORD952686,C66,P3,Electronics,492.8,3,1478.4,North,Store,No
2024-09-17,ORD777406,C344,P6,Clothing,26.24,5,131.2,West,Online,No
2024-09-18,ORD633188,C186,P9,Home,110.11,4,440.44,North,Online,No
2024-09-19,ORD480211,C159,P1,Electronics,349.82,6,2098.92,South,Store,No
2024-09-20,ORD324597,C175,P10,Home,120.81,7,845.67,West,Store,No
2024-09-21,ORD301332,C116,P10,Home,120.81,6,724.86,South,Online,No
2024-09-22,ORD262471,C40,P11,Home,52.06,6,312.36,East,Online,No
2024-09-23,ORD985447,C404,P5,Clothing,26.24,2,52.48,North,Online,No
2024-09-24,ORD632351,C395,P12,Home,146.99,6,881.94,North,Online,No
2024-09-25,ORD794083,C173,P4,Electronics,439.46,7,3076.22,South,Online,No
2024-09-26,ORD726258,C193,P9,Home,110.11,5,550.55,South,Store,No
2024-09-27,ORD270128,C93,P9,Home,93.59,9,842.31,South,Store,Yes
2024-09-28,ORD856215,C225,P3,Electronics,492.8,5,2464.0,North,Online,No
2024-09-29,ORD530816,C187,P3,Electronics,492.8,4,1971.2,South,Online,No
2024-09-30,ORD565776,C313,P2,Electronics,580.29,7,4062.03,East,Online,No
2024-10-01,ORD888939,C384,P12,Home,146.99,7,1028.93,West,Store,No
2024-10-02,ORD345369,C274,P2,Electronics,580.29,5,2901.45,South,Online,No
2024-10-03,ORD424500,C495,P11,Home,52.06,6,312.36,West,Store,No
2024-10-04,ORD975679,C100,P8,Clothing,54.65,5,273.25,East,Store,No
2024-10-05,ORD811256,C485,P5,Clothing,26.24,15,393.6,West,Online,No
2024-10-06,ORD584106,C394,P8,Clothing,54.65,8,437.2,East,Online,No
2024-10-07,ORD915922,C196,P6,Clothing,26.24,2,52.48,West,Online,No
2024-10-08,ORD269930,C419,P9,Home,110.11,4,440.44,South,Online,No
2024-10-09,ORD940181,C310,P4,Electronics,439.46,7,3076.22,South,Store,No
2024-10-10,ORD362147,C27,P10,Home,102.69,7,718.83,West,Online,Yes
2024-10-11,ORD489244,C284,P12,Home,146.99,5,734.95,North,Store,No
2024-10-12,ORD845957,C434,P6,Clothing,22.3,10,223.0,North,Store,Yes
2024-10-13,ORD398910,C43,P3,Electronics,492.8,4,1971.2,South,Store,No
2024-10-14,ORD386042,C231,P8,Clothing,54.65,2,109.3,South,Store,No
2024-10-15,ORD971415,C224,P10,Home,120.81,6,724.86,North,Online,No
2024-10-16,ORD332823,C419,P3,Electronics,492.8,7,3449.6,West,Online,No
2024-10-17,ORD466566,C477,P5,Clothing,26.24,6,157.44,North,Online,No
2024-10-18,ORD535050,C28,P7,Clothing,18.97,6,113.82,West,Online,Yes
2024-10-19,ORD626392,C192,P2,Electronics,493.24,8,3945.92,South,Store,Yes
2024-10-20,ORD504924,C42,P10,Home,120.81,6,724.86,East,Online,No
2024-10-21,ORD335445,C15,P10,Home,120.81,1,120.81,East,Online,No
2024-10-22,ORD203896,C430,P9,Home,110.11,4,440.44,East,Store,No
2024-10-23,ORD929822,C75,P7,Clothing,18.97,5,94.85,South,Online,Yes
2024-10-24,ORD140163,C147,P3,Electronics,492.8,4,1971.2,West,Online,No
2024-10-25,ORD829884,C426,P11,Home,52.06,4,208.24,South,Online,No
2024-10-26,ORD895702,C362,P5,Clothing,22.3,6,133.8,West,Online,Yes
2024-10-27,ORD570392,C316,P3,Electronics,492.8,4,1971.2,North,Online,No
2024-10-28,ORD183074,C10,P8,Clothing,54.65,6,327.9,East,Online,No
2024-10-29,ORD326130,C428,P5,Clothing,26.24,3,78.72,South,Online,No
2024-10-30,ORD675462,C482,P3,Electronics,492.8,5,2464.0,West,Online,No
2024-10-31,ORD216587,C398,P4,Electronics,439.46,5,2197.3,East,Store,No
2024-11-01,ORD349183,C155,P5,Clothing,26.24,8,209.92,North,Online,No
2024-11-02,ORD150068,C123,P7,Clothing,22.32,5,111.6,West,Online,No
2024-11-03,ORD769989,C407,P6,Clothing,26.24,4,104.96,West,Store,No
2024-11-04,ORD165858,C57,P1,Electronics,349.82,5,1749.1,West,Store,No
2024-11-05,ORD725726,C275,P11,Home,52.06,6,312.36,North,Online,No
2024-11-06,ORD762652,C264,P4,Electronics,439.46,5,2197.3,South,Store,No
2024-11-07,ORD853448,C74,P8,Clothing,54.65,6,327.9,East,Online,No
2024-11-08,ORD550089,C1,P10,Home,120.81,8,966.48,East,Store,No
2024-11-09,ORD352249,C293,P2,Electronics,580.29,6,3481.74,West,Store,No
2024-11-10,ORD296412,C341,P6,Clothing,26.24,12,314.88,North,Online,No
2024-11-11,ORD648913,C500,P12,Home,124.94,5,624.7,East,Store,Yes
2024-11-12,ORD170966,C489,P9,Home,110.11,9,990.99,North,Online,No
2024-11-13,ORD509420,C448,P3,Electronics,418.88,12,5026.56,West,Online,Yes
2024-11-14,ORD145649,C326,P9,Home,110.11,5,550.55,West,Online,No
2024-11-15,ORD491435,C130,P1,Electronics,349.82,7,2448.74,North,Online,No
2024-11-16,ORD474440,C404,P2,Electronics,580.29,9,5222.61,North,Store,No
2024-11-17,ORD461551,C124,P2,Electronics,580.29,15,8704.35,North,Online,No
2024-11-18,ORD908977,C298,P11,Home,52.06,6,312.36,East,Online,No
2024-11-19,ORD239890,C23,P4,Electronics,439.46,7,3076.22,East,Online,No
2024-11-20,ORD672536,C174,P8,Clothing,54.65,8,437.2,South,Store,No
2024-11-21,ORD970720,C399,P3,Electronics,492.8,2,985.6,West,Online,No
2024-11-22,ORD829168,C246,P7,Clothing,18.97,10,189.7,South,Online,Yes
2024-11-23,ORD950916,C70,P9,Home,110.11,10,1101.1,North,Online,No
2024-11-24,ORD850827,C398,P1,Electronics,349.82,6,2098.92,West,Store,No
2024-11-25,ORD138780,C151,P6,Clothing,26.24,10,262.4,South,Online,No
2024-11-26,ORD145934,C406,P8,Clothing,54.65,9,491.85,South,Online,No
2024-11-27,ORD143941,C162,P11,Home,44.25,13,575.25,East,Online,Yes
2024-11-28,ORD640418,C204,P2,Electronics,580.29,10,5802.9,West,Store,No
2024-11-29,ORD365618,C19,P4,Electronics,439.46,7,3076.22,South,Online,No
2024-11-30,ORD400009,C183,P5,Clothing,26.24,6,157.44,North,Store,No
2024-12-01,ORD787584,C170,P6,Clothing,26.24,5,131.2,East,Online,No
2024-12-02,ORD230521,C410,P9,Home,110.11,4,440.44,East,Online,No
2024-12-03,ORD558176,C456,P7,Clothing,22.32,8,178.56,West,Store,No
2024-12-04,ORD879414,C226,P8,Clothing,46.45,14,650.3,West,Online,Yes
2024-12-05,ORD455505,C499,P12,Home,146.99,8,1175.92,South,Store,No
2024-12-06,ORD620306,C355,P3,Electronics,492.8,7,3449.6,West,Store,No
2024-12-07,ORD485191,C474,P1,Electronics,349.82,6,2098.92,East,Online,No
2024-12-08,ORD940064,C43,P12,Home,124.94,14,1749.16,West,Online,Yes
2024-12-09,ORD182760,C221,P11,Home,52.06,9,468.54,South,Online,No
2024-12-10,ORD671971,C151,P3,Electronics,492.8,4,1971.2,East,Online,No
2024-12-11,ORD207581,C41,P8,Clothing,54.65,8,437.2,East,Online,No
2024-12-12,ORD793024,C152,P10,Home,102.69,10,1026.9,East,Store,Yes
2024-12-13,ORD567576,C309,P9,Home,110.11,10,1101.1,West,Online,No
2024-12-14,ORD274739,C354,P8,Clothing,54.65,10,546.5,West,Store,No
2024-12-15,ORD468623,C229,P9,Home,93.59,15,1403.85,North,Store,Yes
2024-12-16,ORD862120,C446,P11,Home,44.25,9,398.25,East,Store,Yes
2024-12-17,ORD744718,C223,P12,Home,124.94,5,624.7,East,Online,Yes
2024-12-18,ORD770532,C406,P12,Home,146.99,8,1175.92,North,Online,No
2024-12-19,ORD178686,C344,P12,Home,146.99,14,2057.86,West,Online,No
2024-12-20,ORD480959,C263,P4,Electronics,439.46,6,2636.76,South,Store,No
2024-12-21,ORD132653,C74,P11,Home,52.06,7,364.42,West,Online,No
2024-12-22,ORD136489,C65,P5,Clothing,26.24,9,236.16,North,Online,No
2024-12-23,ORD347459,C399,P6,Clothing,26.24,8,209.92,East,Online,No
2024-12-24,ORD479742,C197,P8,Clothing,46.45,8,371.6,North,Online,Yes
2024-12-25,ORD734487,C79,P12,Home,146.99,7,1028.93,West,Online,No
2024-12-26,ORD488984,C191,P7,Clothing,22.32,9,200.88,West,Online,No
2024-12-27,ORD900152,C40,P2,Electronics,580.29,7,4062.03,South,Store,No
2024-12-28,ORD655178,C188,P1,Electronics,297.34,11,3270.74,West,Online,Yes
2024-12-29,ORD429657,C333,P1,Electronics,349.82,7,2448.74,East,Online,No
2024-12-30,ORD361736,C492,P5,Clothing,26.24,10,262.4,North,Store,No
